BADA3_AIRCRAFT_MAPPING;;;;
BADA3_TYPE;ICAO_CODE;USER_ACFT_ID;AIRFRAME;ENGINE
P38U__;A1;;;
A10U__;A10;;;
BE9L__;A109;;;
TBM8__;A119;;;
A124__;A124;;;
SH36__;A139;;;
A140__;A140;;;
A148__;A148;;;
AT43__;A149;;;
A158__;A158;;;
JS41__;A169;;;
E190__;A178;;;
AT43__;A189;;;
SVNH__;A19;;;
A20N__;A19N;;;
P38U__;A20;;;
P28U__;A205;;;
DIMO__;A20J;;;
A20N__;A20N;;;
EV97__;A21;;;
C162__;A210;;;
SVNH__;A211;;;
A21N__;A21N;;;
DR40__;A22;;;
A124__;A225;;;
SVNH__;A23;;;
C188__;A251;;;
F406__;A270;;;
A10U__;A3;;;
A306__;A306;;;
A30B__;A30B;;;
C172__;A31;;;
A310__;A310;;;
A318__;A318;;;
A319__;A319;;;
A320__;A320;;;
A321__;A321;;;
DIMO__;A32P;;;
C150__;A33;;;
A332__;A332;;;
A333__;A333;;;
B788__;A337;;;
A339__;A338;;;
A339__;A339;;;
SF25__;A33P;;;
A342__;A342;;;
A343__;A343;;;
A345__;A345;;;
A346__;A346;;;
P28A__;A35;;;
A359__;A358;;;
A359__;A359;;;
A35K__;A35K;;;
L39U__;A37;;;
A388__;A388;;;
A3ST__;A3ST;;;
HAWK__;A4;;;
IL76__;A400;;;
P28A__;A411;;;
MAGC__;A5;;;
IL76__;A50;;;
B58T__;A500;;;
A10U__;A6;;;
AN28__;A660;;;
F16U__;A7;;;
C510__;A700;;;
A158__;A743;;;
F27U__;A748;;;
C188__;A9;;;
RV8U__;A900;;;
C162__;AA1;;;
P28A__;AA5;;;
C162__;AAT3;;;
C162__;AAT4;;;
C162__;AC10;;;
M20T__;AC11;;;
MAGC__;AC4;;;
DA62__;AC50;;;
DA62__;AC52;;;
C340__;AC56;;;
C182__;AC5A;;;
C421__;AC68;;;
C414__;AC6L;;;
C421__;AC72;;;
BE99__;AC80;;;
PAY2__;AC90;;;
PAY3__;AC95;;;
DR40__;ACAM;;;
DV20__;ACAR;;;
DR40__;ACR2;;;
DR40__;ACRD;;;
DV20__;ADVE;;;
C82S__;AE45;;;
SVNH__;AERK;;;
BE58__;AEST;;;
SVNH__;AFOX;;;
SVNH__;AG04;;;
P28A__;AG10;;;
EV97__;AG14;;;
ATPU__;AG60;;;
DV20__;AIGT;;;
EV97__;AIRL;;;
A148__;AJ27;;;
AJET__;AJET;;;
Q9UU__;AKNC;;;
RV14__;AKRO;;;
SVNH__;ALC1;;;
C150__;ALGR;;;
E300__;ALIG;;;
JS41__;ALIZ;;;
T206__;ALPI;;;
EV97__;ALSL;;;
C162__;ALTO;;;
AJET__;AMX;;;
AN12__;AN12;;;
C188__;AN2;;;
AN12__;AN22;;;
AN24__;AN24;;;
AN30__;AN26;;;
AN28__;AN28;;;
Q9UU__;AN3;;;
AN30__;AN30;;;
AN32__;AN32;;;
AN38__;AN38;;;
C130__;AN70;;;
F28U__;AN72;;;
AN32__;AN8;;;
EV97__;ANDR;;;
DA50__;ANGL;;;
C402__;ANKA;;;
C182__;ANSN;;;
SVNH__;AP20;;;
EV97__;AP22;;;
SVNH__;AP24;;;
MAGC__;AP26;;;
DV20__;AP28;;;
C162__;AP32;;;
C152__;AP36;;;
C150__;APM2;;;
C150__;APM3;;;
P28A__;APM4;;;
MAGC__;APUP;;;
MAGC__;AR11;;;
DV20__;AR15;;;
SVNH__;AR50;;;
SVNH__;AR5T;;;
SVNH__;AR65;;;
SVNH__;AR6T;;;
DIMO__;ARCP;;;
EA50__;ARES;;;
SVNH__;ARV1;;;
DHC6__;ARVA;;;
DR40__;AS02;;;
SF25__;AS14;;;
DIMO__;AS16;;;
DIMO__;AS20;;;
DIMO__;AS21;;;
SF25__;AS22;;;
SF25__;AS24;;;
DIMO__;AS25;;;
DIMO__;AS26;;;
DIMO__;AS28;;;
DIMO__;AS29;;;
E500__;AS2T;;;
DIMO__;AS30;;;
DIMO__;AS31;;;
E120__;AS32;;;
E120__;AS3B;;;
TBM8__;AS50;;;
TBM8__;AS55;;;
BE99__;AS65;;;
C150__;ASDR;;;
EV97__;ASO5;;;
RV14__;ASOX;;;
C162__;ASTO;;;
G150__;ASTR;;;
SVNH__;AT1;;;
C188__;AT2P;;;
AJET__;AT3;;;
C188__;AT3P;;;
DHC6__;AT3T;;;
AT43__;AT43;;;
AT45__;AT44;;;
AT45__;AT45;;;
AT45__;AT46;;;
DHC6__;AT5T;;;
DHC6__;AT6T;;;
AT72__;AT72;;;
AT73__;AT73;;;
AT75__;AT75;;;
AT76__;AT76;;;
PC12__;AT8T;;;
RV8U__;ATAC;;;
LJ25__;ATG1;;;
C150__;ATL;;;
C160__;ATLA;;;
ATPU__;ATP;;;
SVNH__;AUJ2;;;
C162__;AURA;;;
DV20__;AUS3;;;
DV20__;AUS4;;;
DV20__;AUS5;;;
DV20__;AUS6;;;
DV20__;AUS7;;;
DR40__;AUS9;;;
DIMO__;AV68;;;
EV97__;AVID;;;
HDJT__;AVK4;;;
P750__;AVLN;;;
SVNH__;AVTR;;;
E500__;B06;;;
FGTL__;B1;;;
C188__;B103;;;
BE9L__;B105;;;
DIMO__;B13;;;
DA40__;B14A;;;
TB21__;B14B;;;
TB21__;B14C;;;
P38U__;B17;;;
BE9L__;B18T;;;
B190__;B190;;;
FGTL__;B2;;;
DR40__;B209;;;
F15U__;B21;;;
SW4U__;B212;;;
TBM8__;B214;;;
AN30__;B222;;;
P38U__;B23;;;
BE9L__;B230;;;
P38U__;B24;;;
P38U__;B25;;;
S2PU__;B26;;;
S2PU__;B26M;;;
P38U__;B29;;;
B350__;B350;;;
E500__;B36T;;;
B38M__;B37M;;;
B38M__;B38M;;;
B39M__;B39M;;;
B39M__;B3XM;;;
P46T__;B407;;;
SW4U__;B412;;;
BE99__;B427;;;
MU2U__;B429;;;
BE99__;B430;;;
B462__;B461;;;
B462__;B462;;;
B463__;B463;;;
P46T__;B505;;;
FGTL__;B52;;;
B58T__;B58T;;;
DR40__;B60;;;
JS32__;B609;;;
TBM7__;B60T;;;
B703__;B701;;;
B703__;B703;;;
B712__;B712;;;
B752__;B720;;;
B722__;B721;;;
B722__;B722;;;
T134__;B731;;;
B732__;B732;;;
B733__;B733;;;
B734__;B734;;;
B735__;B735;;;
B736__;B736;;;
B737__;B737;;;
B738__;B738;;;
B739__;B739;;;
B742__;B741;;;
B742__;B742;;;
B743__;B743;;;
B744__;B744;;;
B748__;B748;;;
B743__;B74D;;;
B742__;B74R;;;
B742__;B74S;;;
B752__;B752;;;
B753__;B753;;;
B762__;B762;;;
B763__;B763;;;
B764__;B764;;;
B772__;B772;;;
B773__;B773;;;
B77W__;B778;;;
B77W__;B779;;;
B77L__;B77L;;;
B77W__;B77W;;;
B788__;B788;;;
B789__;B789;;;
B78X__;B78X;;;
BA11__;BA11;;;
C414__;BASS;;;
B736__;BCS1;;;
A318__;BCS3;;;
L39U__;BD10;;;
EV97__;BD17;;;
RV14__;BD4;;;
SF50__;BD5J;;;
RV8U__;BD5T;;;
DR40__;BDOG;;;
F406__;BE10;;;
C27J__;BE12;;;
TB21__;BE17;;;
DA62__;BE18;;;
P28A__;BE19;;;
BE20__;BE20;;;
BE9L__;BE22;;;
C172__;BE23;;;
P06T__;BE24;;;
BE30__;BE30;;;
AN38__;BE32;;;
C210__;BE33;;;
C210__;BE35;;;
BE36__;BE36;;;
BE40__;BE40;;;
BE40__;BE4W;;;
C414__;BE50;;;
BE55__;BE55;;;
C340__;BE56;;;
BE58__;BE58;;;
C414__;BE60;;;
C414__;BE65;;;
C414__;BE70;;;
BE76__;BE76;;;
C152__;BE77;;;
C414__;BE80;;;
C414__;BE88;;;
BE76__;BE95;;;
BE99__;BE99;;;
BE9L__;BE9L;;;
BE9L__;BE9T;;;
C152__;BEAR;;;
C130__;BELF;;;
BER2__;BER2;;;
YK42__;BER4;;;
SVNH__;BIRD;;;
EV97__;BISC;;;
BE9L__;BK17;;;
C340__;BKUT;;;
TB21__;BL17;;;
C340__;BL19;;;
DR40__;BL8;;;
A346__;BLCF;;;
C414__;BLEN;;;
DV20__;BMAN;;;
DA62__;BN2P;;;
K100__;BN2T;;;
C188__;BO40;;;
DR40__;BOLT;;;
T210__;BOOM;;;
C162__;BPUM;;;
DIMO__;BR23;;;
C162__;BR60;;;
C162__;BR61;;;
C162__;BR8;;;
C162__;BRAV;;;
MAGC__;BREZ;;;
C182__;BROU;;;
TBM7__;BS60;;;
JS41__;BSTP;;;
DR40__;BSWN;;;
S22T__;BT36;;;
AJET__;BT7;;;
T206__;BTB2;;;
T206__;BTB3;;;
L39U__;BTX1;;;
C188__;BU20;;;
DV20__;BU31;;;
C162__;BU33;;;
EV97__;BU81;;;
HAWK__;BUC;;;
SVNH__;BUCA;;;
SVNH__;BUSH;;;
C162__;BW60;;;
C162__;BW6T;;;
C162__;BX2;;;
E500__;C02T;;;
PAY1__;C04T;;;
P750__;C06T;;;
E500__;C07T;;;
D228__;C08T;;;
A10U__;C1;;;
L39U__;C101;;;
E500__;C10T;;;
F27U__;C119;;;
C152__;C120;;;
P38U__;C123;;;
S2PU__;C125;;;
C130__;C130;;;
C130__;C133;;;
B703__;C135;;;
C152__;C140;;;
A310__;C141;;;
E500__;C14T;;;
T154__;C15;;;
C150__;C150;;;
C152__;C152;;;
C160__;C160;;;
C162__;C162;;;
B764__;C17;;;
C152__;C170;;;
C172__;C172;;;
EV97__;C175;;;
C172__;C177;;;
C182__;C180;;;
C182__;C182;;;
C182__;C185;;;
C188__;C188;;;
M20P__;C190;;;
C162__;C192;;;
C182__;C195;;;
C160__;C2;;;
C206__;C205;;;
C206__;C206;;;
C206__;C207;;;
C208__;C208;;;
C210__;C210;;;
JS32__;C212;;;
PAY1__;C21T;;;
SF50__;C22J;;;
S22T__;C240;;;
C25A__;C25A;;;
C25B__;C25B;;;
C25C__;C25C;;;
C525__;C25M;;;
DV20__;C270;;;
C27J__;C27J;;;
F27U__;C295;;;
PA34__;C303;;;
RV8U__;C306;;;
RV8U__;C309;;;
C30J__;C30J;;;
C310__;C310;;;
E300__;C311;;;
PA34__;C320;;;
C340__;C335;;;
BE76__;C336;;;
DA42__;C337;;;
C340__;C340;;;
TEX2__;C365;;;
C402__;C402;;;
C421__;C404;;;
AN38__;C408;;;
C402__;C411;;;
C414__;C414;;;
C162__;C42;;;
C421__;C421;;;
F406__;C425;;;
PAY3__;C441;;;
F27U__;C46;;;
A345__;C5;;;
C551__;C500;;;
C551__;C501;;;
C510__;C510;;;
C525__;C525;;;
E50P__;C526;;;
C550__;C550;;;
C551__;C551;;;
C55B__;C55B;;;
C560__;C560;;;
C56X__;C56X;;;
A345__;C5M;;;
C650__;C650;;;
C680__;C680;;;
C680__;C68A;;;
C700__;C700;;;
DA40__;C72R;;;
C750__;C750;;;
P28A__;C77R;;;
S2PU__;C82;;;
TB20__;C82R;;;
C82S__;C82S;;;
C82S__;C82T;;;
A20N__;C919;;;
C30J__;C97;;;
BE9L__;CA12;;;
C402__;CA19;;;
K100__;CA1T;;;
C182__;CA25;;;
E300__;CA41;;;
E500__;CA7T;;;
E500__;CA8;;;
TBM7__;CA9;;;
MAGC__;CABI;;;
SF50__;CAJ;;;
S2PU__;CARV;;;
S2PU__;CAT;;;
P06T__;CAT1;;;
P06T__;CAT2;;;
SVNH__;CB1;;;
MAGC__;CC11;;;
C172__;CC19;;;
L410__;CD2;;;
SVNH__;CE15;;;
SVNH__;CE22;;;
SVNH__;CE23;;;
DV20__;CE25;;;
DV20__;CE27;;;
SR22__;CE43;;;
P180__;CEL5;;;
TEX2__;CH1;;;
MAGC__;CH10;;;
C162__;CH20;;;
C162__;CH25;;;
MAGC__;CH2T;;;
C172__;CH3;;;
MAGC__;CH30;;;
C152__;CH40;;;
SVNH__;CH50;;;
EV97__;CH60;;;
EV97__;CH62;;;
DR40__;CH64;;;
C162__;CH65;;;
SVNH__;CH70;;;
SVNH__;CH75;;;
DV20__;CH7A;;;
EV97__;CH7B;;;
EV97__;CH80;;;
EV97__;CHIN;;;
DA40__;CHIP;;;
DV20__;CICA;;;
EV97__;CJ1;;;
TB20__;CJ6;;;
F16U__;CKUO;;;
S2PU__;CL2P;;;
F27U__;CL2T;;;
CL30__;CL30;;;
C700__;CL35;;;
L39U__;CL41;;;
C130__;CL44;;;
C130__;CL4G;;;
CL60__;CL60;;;
DR40__;CMAS;;;
P28A__;CMD1;;;
SVNH__;CN12;;;
DH8A__;CN35;;;
F900__;CNBR;;;
TEX2__;CNDR;;;
M20T__;CO50;;;
C162__;COAR;;;
SR22__;COL3;;;
S22T__;COL4;;;
C162__;COLT;;;
C160__;CONI;;;
P38U__;CORS;;;
DA42__;CORV;;;
C162__;COUG;;;
C82S__;COUR;;;
EV97__;COY2;;;
SF50__;COZJ;;;
RV14__;COZY;;;
P28R__;CP10;;;
C162__;CP13;;;
RV8U__;CP20;;;
RV14__;CP21;;;
RV8U__;CP22;;;
E300__;CP23;;;
C162__;CP30;;;
C162__;CP32;;;
MAGC__;CP75;;;
DR40__;CP90;;;
RV14__;CR10;;;
SVNH__;CRBN;;;
EV97__;CRER;;;
P750__;CRES;;;
CRJ1__;CRJ1;;;
CRJ2__;CRJ2;;;
CRJ9__;CRJ7;;;
CRJ9__;CRJ9;;;
CRJX__;CRJX;;;
C152__;CRUZ;;;
P28R__;CT4;;;
SVNH__;CTAH;;;
EV97__;CUCA;;;
M20P__;CUDA;;;
C150__;CULV;;;
C152__;CULX;;;
S2PU__;CVLP;;;
ATPU__;CVLT;;;
MAGC__;CX5;;;
M20P__;D1;;;
MAGC__;D11;;;
C150__;D139;;;
DA40__;D140;;;
EV97__;D150;;;
EV97__;D18;;;
PA34__;D21;;;
D228__;D228;;;
DV20__;D250;;;
DR40__;D253;;;
PA46__;D28D;;;
P46T__;D28T;;;
EV97__;D31;;;
D328__;D328;;;
DV20__;D4;;;
P28A__;D6;;;
MAGC__;D6CR;;;
DR40__;D8;;;
MAGC__;DA2;;;
DIMO__;DA36;;;
DA40__;DA40;;;
DA42__;DA42;;;
EV97__;DA5;;;
DA50__;DA50;;;
DA62__;DA62;;;
DA40__;DAHU;;;
C162__;DAL4;;;
DC10__;DC10;;;
P38U__;DC2;;;
S2PU__;DC3;;;
P38U__;DC3S;;;
SH36__;DC3T;;;
F27U__;DC4;;;
C160__;DC6;;;
C130__;DC7;;;
B703__;DC85;;;
DC87__;DC86;;;
DC87__;DC87;;;
BA11__;DC91;;;
A158__;DC92;;;
DC93__;DC93;;;
DC94__;DC94;;;
B712__;DC95;;;
EV97__;DDUC;;;
BE36__;DEFI;;;
C162__;DFLY;;;
PA34__;DG15;;;
DIMO__;DG1T;;;
SF25__;DG40;;;
DIMO__;DG50;;;
DIMO__;DG60;;;
DIMO__;DG80;;;
K100__;DH2T;;;
P750__;DH3T;;;
SH36__;DH4T;;;
SVNH__;DH60;;;
DR40__;DH80;;;
SVNH__;DH82;;;
SVNH__;DH83;;;
DV20__;DH84;;;
T206__;DH85;;;
C152__;DH87;;;
BE58__;DH88;;;
DA40__;DH89;;;
DH8A__;DH8A;;;
DH8C__;DH8B;;;
DH8C__;DH8C;;;
DH8D__;DH8D;;;
C182__;DH90;;;
C188__;DHA3;;;
EV97__;DHC1;;;
C188__;DHC2;;;
C182__;DHC3;;;
S2PU__;DHC4;;;
AN30__;DHC5;;;
DHC6__;DHC6;;;
AN30__;DHC7;;;
DIMO__;DIMO;;;
MAGC__;DINO;;;
SF25__;DISC;;;
SF50__;DJET;;;
EV97__;DLTA;;;
P750__;DNGO;;;
T206__;DO27;;;
DA62__;DO28;;;
DA62__;DOVE;;;
C152__;DR10;;;
P28A__;DR22;;;
C162__;DR30;;;
DR40__;DR40;;;
E500__;DT45;;;
EV97__;DTA1;;;
C162__;DTA2;;;
SVNH__;DUB2;;;
DIMO__;DUOD;;;
C162__;DV1;;;
C162__;DV2;;;
DV20__;DV20;;;
D228__;E110;;;
E120__;E120;;;
MU2U__;E121;;;
E135__;E135;;;
E145__;E145;;;
E170__;E170;;;
E190__;E190;;;
E195__;E195;;;
C27J__;E2;;;
E300__;E200;;;
RV8U__;E230;;;
E75L__;E275;;;
E290__;E290;;;
B736__;E295;;;
E300__;E300;;;
TEX2__;E314;;;
TBM9__;E350;;;
E35L__;E35L;;;
A321__;E390;;;
DC87__;E3CF;;;
B762__;E3TF;;;
PA46__;E400;;;
E45X__;E45X;;;
E500__;E500;;;
E50P__;E50P;;;
AJET__;E530;;;
E545__;E545;;;
E550__;E550;;;
E55P__;E55P;;;
DC87__;E6;;;
B737__;E737;;;
E75L__;E75L;;;
E75S__;E75S;;;
B763__;E767;;;
EA50__;EA40;;;
EA50__;EA50;;;
EV97__;EAGL;;;
C162__;EAGX;;;
DIMO__;EB29;;;
SVNH__;EBOY;;;
P46T__;EC20;;;
JS41__;EC25;;;
TBM8__;EC30;;;
BE99__;EC35;;;
BE99__;EC45;;;
BE20__;EC55;;;
JS41__;EC75;;;
C150__;ECHO;;;
RV8U__;EDGE;;;
C162__;EFOX;;;
Q9UU__;EGRT;;;
JS41__;EH10;;;
C551__;ELIT;;;
C152__;ELPS;;;
C162__;ELSP;;;
SF25__;ELST;;;
L39U__;EM10;;;
PA44__;EM11;;;
P28T__;EN28;;;
TBM8__;EPIC;;;
EV97__;EPX1;;;
RV8U__;ERAC;;;
C162__;ERCO;;;
TBM7__;ESCA;;;
MAGC__;ESCP;;;
DIMO__;ETA;;;
AJET__;ETAR;;;
F16U__;EUFI;;;
C162__;EUPA;;;
F406__;EV55;;;
EV97__;EV97;;;
BE58__;EVAN;;;
SF50__;EVIC;;;
C340__;EVOP;;;
TBM7__;EVOT;;;
C150__;EVSS;;;
K100__;EX5T;;;
E300__;EXNG;;;
BE9L__;EXPL;;;
TB20__;EXPR;;;
SVNH__;EZFL;;;
C152__;EZFT;;;
SVNH__;EZHV;;;
SVNH__;EZKC;;;
HAWK__;F1;;;
F100__;F100;;;
F16U__;F104;;;
F16U__;F106;;;
F15U__;F111;;;
A10U__;F117;;;
DV20__;F13;;;
F15U__;F14;;;
F15U__;F15;;;
C152__;F156;;;
F16U__;F16;;;
F16U__;F16X;;;
F16U__;F18;;;
F16U__;F18H;;;
F16U__;F18S;;;
E300__;F1FV;;;
F16U__;F2;;;
F15U__;F22;;;
M20P__;F260;;;
E500__;F26T;;;
F27U__;F27;;;
F28U__;F28;;;
F2TH__;F2TH;;;
DR40__;F30;;;
F16U__;F35;;;
F16U__;F4;;;
P46T__;F402;;;
F406__;F406;;;
DV20__;F41E;;;
F406__;F421;;;
AJET__;F5;;;
F50U__;F50;;;
AJET__;F5SA;;;
F50U__;F60;;;
K100__;F600;;;
MAGC__;F7;;;
F70U__;F70;;;
F16U__;F8;;;
AJET__;F86;;;
RV14__;F8L;;;
F900__;F900;;;
AJET__;F9F;;;
C162__;FA01;;;
C162__;FA02;;;
DIMO__;FA03;;;
C152__;FA04;;;
FA10__;FA10;;;
C188__;FA11;;;
FA20__;FA20;;;
DV20__;FA24;;;
FA50__;FA50;;;
GLF2__;FA5X;;;
C152__;FA62;;;
GLF5__;FA6X;;;
FA7X__;FA7X;;;
FA7X__;FA8X;;;
C162__;FAET;;;
C152__;FALM;;;
MAGC__;FANL;;;
TEX2__;FANT;;;
MAGC__;FB5;;;
C210__;FBA2;;;
F16U__;FC1;;;
C162__;FDCT;;;
C162__;FDF2;;;
C162__;FDMC;;;
SVNH__;FEST;;;
Q2UU__;FFLO;;;
C421__;FFLY;;;
FGTH__;FGTH;;;
FGTL__;FGTL;;;
C525__;FJ10;;;
EV97__;FK12;;;
C162__;FK14;;;
EV97__;FK9;;;
C414__;FLAM;;;
FLCO__;FLCO;;;
MAGC__;FLSH;;;
MAGC__;FLSS;;;
EV97__;FM25;;;
SVNH__;FMGO;;;
L39U__;FOUG;;;
MAGC__;FOX;;;
E300__;FOXT;;;
T206__;FRBD;;;
EV97__;FU24;;;
C402__;FURY;;;
C162__;FUSI;;;
C162__;FW02;;;
DV20__;FW44;;;
C188__;FWSB;;;
EV97__;FX1;;;
SVNH__;G1;;;
DIMO__;G103;;;
DIMO__;G109;;;
P28U__;G115;;;
BE36__;G120;;;
E500__;G12T;;;
E500__;G140;;;
G150__;G150;;;
AT43__;G159;;;
K100__;G160;;;
C188__;G164;;;
MAGC__;G180;;;
RV8U__;G200;;;
RV8U__;G202;;;
DA62__;G21;;;
C414__;G21M;;;
BE20__;G21T;;;
F27U__;G222;;;
G280__;G250;;;
G280__;G280;;;
P28A__;G2CA;;;
L39U__;G2GL;;;
EV97__;G2T1;;;
MAGC__;G3;;;
C188__;G44;;;
L39U__;G4SG;;;
DV20__;G64T;;;
EV97__;G70;;;
C421__;G73;;;
DHC6__;G73T;;;
E300__;G800;;;
U2UU__;G850;;;
L39U__;G91;;;
P38U__;G96;;;
P750__;GA10;;;
C188__;GA20;;;
FA7X__;GA4C;;;
GLF5__;GA5C;;;
GLF5__;GA6C;;;
PA44__;GA7;;;
GLEX__;GA7C;;;
DA50__;GA8;;;
GLEX__;GA8C;;;
E300__;GABR;;;
HA4T__;GALX;;;
JS32__;GANT;;;
E300__;GB1;;;
DR40__;GC1;;;
DA42__;GDUK;;;
C172__;GEMI;;;
U2UU__;GFLY;;;
GL5T__;GL5T;;;
GLEX__;GL7T;;;
RV8U__;GLAS;;;
GLEX__;GLEX;;;
GLF2__;GLF2;;;
GLF2__;GLF3;;;
CRJ9__;GLF4;;;
GLF5__;GLF5;;;
GLEX__;GLF6;;;
DR40__;GLSP;;;
P28U__;GLST;;;
TEX2__;GLTU;;;
K100__;GM17;;;
L39U__;GNAT;;;
C150__;GOLF;;;
C150__;GP1;;;
RV8U__;GP4;;;
E300__;GPRO;;;
TBM8__;GR51;;;
P750__;GRIZ;;;
EV97__;GSIS;;;
C550__;GSPN;;;
EV97__;GUEP;;;
C162__;GX;;;
EV97__;GY20;;;
C152__;GY80;;;
P38U__;H111;;;
BE20__;H160;;;
JS41__;H2;;;
C162__;H207;;;
H25A__;H25A;;;
H25B__;H25B;;;
H25B__;H25C;;;
P28U__;H269;;;
C152__;H40;;;
JS41__;H47;;;
E500__;H500;;;
JS41__;H53;;;
JS41__;H60;;;
BE99__;H64;;;
HA4T__;HA4T;;;
AJET__;HAR;;;
HAWK__;HAWK;;;
DIMO__;HB21;;;
DIMO__;HB23;;;
EV97__;HB3;;;
P38U__;HD34;;;
HDJT__;HDJT;;;
P28A__;HELI;;;
S2PU__;HERN;;;
H25A__;HF20;;;
MAGC__;HIGH;;;
EV97__;HN70;;;
M20P__;HR10;;;
DV20__;HR20;;;
C402__;HRM9;;;
MAGC__;HRNT;;;
RV8U__;HROC;;;
Q9UU__;HRON;;;
L39U__;HT16;;;
T206__;HT34;;;
L39U__;HT36;;;
E500__;HT40;;;
DIMO__;HU1;;;
DIMO__;HU2;;;
TBM8__;HUCO;;;
MAGC__;HUML;;;
AJET__;HUNT;;;
P180__;HURI;;;
TEX2__;HURK;;;
DR40__;HUSK;;;
SVNH__;HYPR;;;
F27U__;I112;;;
F27U__;I114;;;
AJET__;I22;;;
DA40__;I23;;;
DA40__;I3;;;
K100__;I828;;;
P38U__;IA50;;;
TEX2__;IA58;;;
L39U__;IA63;;;
F27U__;IL14;;;
AN12__;IL18;;;
A10U__;IL28;;;
C30J__;IL38;;;
DC87__;IL62;;;
IL76__;IL76;;;
IL86__;IL86;;;
IL96__;IL96;;;
E300__;IMPU;;;
C162__;INCQ;;;
C152__;INEC;;;
C172__;INEX;;;
RV14__;INTG;;;
P28A__;IPAN;;;
SR20__;IR23;;;
TEX2__;IR25;;;
L39U__;IR99;;;
MAGC__;IRBS;;;
DIMO__;IS28;;;
EV97__;ISPT;;;
DR40__;J1;;;
F16U__;J10;;;
SVNH__;J2;;;
F15U__;J20;;;
SVNH__;J3;;;
SVNH__;J300;;;
E135__;J328;;;
C152__;J4;;;
C150__;J400;;;
SVNH__;J5;;;
C162__;J600;;;
F16U__;J8A;;;
F16U__;J8B;;;
MAGC__;JAB2;;;
C162__;JAB4;;;
EV97__;JABI;;;
F16U__;JAGR;;;
DIMO__;JANU;;;
L39U__;JAST;;;
C152__;JB15;;;
H25A__;JCOM;;;
P46T__;JCRU;;;
SVNH__;JFOX;;;
F16U__;JH7;;;
EV97__;JK05;;;
AJET__;JL9;;;
L39U__;JPRO;;;
C152__;JRC1;;;
D228__;JS1;;;
DIMO__;JS1J;;;
D228__;JS20;;;
DIMO__;JS2J;;;
DIMO__;JS2P;;;
D228__;JS3;;;
JS32__;JS31;;;
JS32__;JS32;;;
DIMO__;JS3J;;;
JS41__;JS41;;;
SF50__;JSQA;;;
RV8U__;JSX;;;
S2PU__;JU52;;;
C162__;JUNR;;;
K100__;K100;;;
K100__;K200;;;
C172__;K250;;;
B703__;K35A;;;
B703__;K35E;;;
B703__;K35R;;;
F16U__;K50;;;
L39U__;K8;;;
K100__;K900;;;
PA31__;KA26;;;
JS41__;KA27;;;
JS41__;KA52;;;
F16U__;KAAN;;;
K100__;KAT3;;;
C414__;KATB;;;
B703__;KC2;;;
A321__;KC39;;;
DC87__;KE3;;;
TBM9__;KEST;;;
F16U__;KF21;;;
MAGC__;KFAB;;;
MAGC__;KFAS;;;
F16U__;KFIR;;;
EV97__;KIS2;;;
DA40__;KIS4;;;
DV20__;KITH;;;
SF25__;KIWI;;;
C172__;KL07;;;
C150__;KL10;;;
SF25__;KL25;;;
C150__;KL35;;;
T206__;KM2;;;
K100__;KODI;;;
C162__;KP2;;;
C162__;KP5;;;
C340__;KR1;;;
RV8U__;KR2;;;
EV97__;KR30;;;
DV20__;KSTK;;;
TEX2__;KT1;;;
SVNH__;KTOO;;;
EV97__;KZ2;;;
DV20__;KZ3;;;
C188__;KZ4;;;
DV20__;KZ7;;;
C162__;KZ8;;;
HAWK__;KZLA;;;
PA46__;L10;;;
L101__;L101;;;
DA40__;L11E;;;
B58T__;L12;;;
DIMO__;L13S;;;
P38U__;L14;;;
AJET__;L15;;;
HAWK__;L159;;;
P38U__;L18;;;
T206__;L181;;;
AN12__;L188;;;
BE76__;L200;;;
L39U__;L29;;;
CL60__;L29A;;;
CL60__;L29B;;;
P38U__;L37;;;
L39U__;L39;;;
C150__;L4;;;
EV97__;L40;;;
L410__;L410;;;
EV97__;L5;;;
L39U__;L59;;;
DV20__;L6;;;
C188__;L60;;;
F27U__;L610;;;
DA40__;L70;;;
EV97__;L8;;;
E500__;L90;;;
C172__;LA25;;;
C172__;LA4;;;
T206__;LA60;;;
C188__;LA6T;;;
DA40__;LA8;;;
RV8U__;LAKR;;;
F27U__;LANC;;;
SF50__;LAR1;;;
C172__;LARK;;;
AJET__;LCA;;;
MAGC__;LCR;;;
BE36__;LEG2;;;
M20T__;LEGD;;;
LJ25__;LEOP;;;
M20T__;LESP;;;
T206__;LGEZ;;;
C162__;LGND;;;
RV8U__;LH10;;;
LJ25__;LJ23;;;
LJ25__;LJ24;;;
LJ25__;LJ25;;;
LJ25__;LJ28;;;
BE40__;LJ31;;;
LJ35__;LJ35;;;
LJ45__;LJ40;;;
LJ45__;LJ45;;;
LJ60__;LJ55;;;
LJ60__;LJ60;;;
LJ75__;LJ70;;;
LJ75__;LJ75;;;
FA50__;LJ85;;;
SF25__;LK17;;;
MAGC__;LMC1;;;
E300__;LMK1;;;
RV14__;LN27;;;
C152__;LN3;;;
RV8U__;LNC2;;;
TBM7__;LNC4;;;
SR22__;LNCE;;;
TBM7__;LNP4;;;
TBM7__;LNT4;;;
SF25__;LS10;;;
SF25__;LS8;;;
F16U__;LTNG;;;
MAGC__;LW20;;;
P28A__;LW40;;;
SVNH__;LWIN;;;
C162__;LXR;;;
BE99__;LYNX;;;
MAGC__;M10;;;
K100__;M101;;;
SVNH__;M106;;;
MAGC__;M108;;;
C172__;M10F;;;
C82S__;M10R;;;
RV8U__;M110;;;
DHC6__;M15;;;
U2UU__;M17;;;
T206__;M18;;;
DHC6__;M18T;;;
C162__;M2;;;
BE36__;M200;;;
PA46__;M203;;;
M20P__;M20P;;;
M20T__;M20T;;;
DV20__;M21;;;
P28U__;M212;;;
PA34__;M22;;;
C172__;M24;;;
TB20__;M26;;;
JS32__;M28;;;
L39U__;M326;;;
L39U__;M339;;;
AJET__;M345;;;
HAWK__;M346;;;
P28U__;M360;;;
BE58__;M36J;;;
DR40__;M4;;;
P38U__;M404;;;
RV14__;M5;;;
U2UU__;M55;;;
DR40__;M6;;;
TBM7__;M600;;;
TB20__;M7;;;
TBM7__;M700;;;
E500__;M7T;;;
P28U__;M8;;;
MAGC__;MA5;;;
F27U__;MA60;;;
F27U__;MA6H;;;
MAGC__;MAGC;;;
DR40__;MAGN;;;
M20T__;MAKO;;;
S2PU__;MARS;;;
RV8U__;MAVR;;;
MAGC__;MC01;;;
EV97__;MC10;;;
A20N__;MC23;;;
DR40__;MC45;;;
EV97__;MC90;;;
RV8U__;MCR1;;;
C162__;MCR4;;;
MD11__;MD11;;;
C172__;MD3;;;
C162__;MD3R;;;
E500__;MD52;;;
MD82__;MD81;;;
MD82__;MD82;;;
MD83__;MD83;;;
MD82__;MD87;;;
MD82__;MD88;;;
MD83__;MD90;;;
TB20__;ME08;;;
P180__;ME09;;;
L39U__;ME62;;;
TB21__;MERK;;;
DA40__;MESS;;;
HAWK__;METR;;;
P06T__;MF17;;;
L39U__;MG15;;;
L39U__;MG17;;;
AJET__;MG19;;;
F16U__;MG21;;;
F16U__;MG23;;;
F15U__;MG25;;;
F16U__;MG29;;;
F15U__;MG31;;;
F15U__;MG44;;;
L39U__;MGAT;;;
C162__;MGNM;;;
RV8U__;MGUL;;;
C510__;MH02;;;
JS41__;MI14;;;
BE99__;MI2;;;
JS41__;MI24;;;
JS41__;MI26;;;
JS41__;MI28;;;
JS41__;MI8;;;
SF50__;MICO;;;
RV8U__;MIMU;;;
F16U__;MIR2;;;
F15U__;MIR4;;;
F16U__;MIRA;;;
DR40__;MITE;;;
DR40__;MJ10;;;
DR40__;MJ5;;;
E300__;MJ51;;;
PA46__;MOL1;;;
RV14__;MON2;;;
RV14__;MOR2;;;
P38U__;MOSQ;;;
EV97__;MP02;;;
EV97__;MP20;;;
C206__;MR25;;;
C206__;MR35;;;
E500__;MR3T;;;
F16U__;MRF1;;;
A148__;MRJ7;;;
A148__;MRJ9;;;
C150__;MRMD;;;
DA40__;MS18;;;
EV97__;MS23;;;
TB21__;MS25;;;
DR40__;MS30;;;
EA50__;MS76;;;
DV20__;MSQ2;;;
AJET__;MT2;;;
MU2U__;MU2;;;
DIMO__;MU23;;;
BE40__;MU30;;;
RV8U__;MUS2;;;
SVNH__;MX10;;;
MAGC__;MX1T;;;
E300__;MX2;;;
MAGC__;MX58;;;
C162__;MX65;;;
MAGC__;MX80;;;
E300__;MXS;;;
IL86__;MYA4;;;
AJET__;MYS4;;;
JS32__;N219;;;
AN30__;N250;;;
JS41__;N260;;;
JS41__;N262;;;
SVNH__;N3;;;
C152__;N320;;;
S22T__;NARN;;;
DA40__;NAVI;;;
P46T__;ND1T;;;
P750__;NFEX;;;
C162__;NG4;;;
C162__;NG5;;;
JS41__;NH90;;;
B738__;NIM;;;
DIMO__;NIMB;;;
SVNH__;NIPR;;;
M20P__;NM5;;;
MAGC__;NNJA;;;
BE99__;NOMA;;;
F27U__;NORA;;;
DA40__;NORS;;;
C188__;NST6;;;
DR40__;O1;;;
DR40__;OCNR;;;
P46T__;OMLA;;;
MAGC__;OMSD;;;
C162__;ONE;;;
EV97__;ONEX;;;
DV20__;OR12;;;
C182__;OSCR;;;
P06T__;P06T;;;
B38M__;P1;;;
MAGC__;P100;;;
C414__;P136;;;
P28U__;P148;;;
C82S__;P149;;;
P180__;P180;;;
E500__;P18T;;;
P1HH__;P1HH;;;
F27U__;P2;;;
C162__;P208;;;
PA46__;P210;;;
C310__;P212;;;
P28A__;P28A;;;
C182__;P28B;;;
P28R__;P28R;;;
P28U__;P28S;;;
P28T__;P28T;;;
P28U__;P28U;;;
AN12__;P3;;;
TB20__;P32R;;;
TB20__;P32T;;;
BE76__;P337;;;
P38U__;P38;;;
PAY3__;P39;;;
BE9L__;P40;;;
C208__;P46T;;;
P38U__;P47;;;
S2PU__;P4Y;;;
EV97__;P50;;;
P180__;P51;;;
MAGC__;P60;;;
P38U__;P61;;;
HDJT__;P63;;;
C414__;P66P;;;
C208__;P66T;;;
BE76__;P68;;;
K100__;P68T;;;
SVNH__;P70;;;
P750__;P750;;;
B738__;P8;;;
SVNH__;P80;;;
BE40__;P808;;;
P38U__;P82;;;
EV97__;PA11;;;
C150__;PA12;;;
DV20__;PA14;;;
SVNH__;PA15;;;
MAGC__;PA16;;;
SVNH__;PA17;;;
DR40__;PA18;;;
EV97__;PA20;;;
DR40__;PA22;;;
DA42__;PA23;;;
M20T__;PA24;;;
DV20__;PA25;;;
PA27__;PA27;;;
PA34__;PA30;;;
PA31__;PA31;;;
P28U__;PA32;;;
PA34__;PA34;;;
P28A__;PA36;;;
C150__;PA38;;;
PA44__;PA44;;;
PA46__;PA46;;;
C510__;PA47;;;
